name,ages,start,city,purpose,expense
山崎 あすか,70,2024-03-17,후쿠오카,관광,"range(100000, 2000000)"
周雷,10,2024-03-12,삿포로,관광,"range(100000, 2000000)"
渡辺 太郎,30,2024-03-26,삿포로,친지 방문,"range(100000, 2000000)"
Christopher Harris,50,2024-03-11,오키나와,친지 방문,"range(100000, 2000000)"
鈴木 浩,50,2024-03-05,삿포로,관광,"range(100000, 2000000)"
Victoria King,70,2024-03-03,후쿠오카,비지니스,"range(100000, 2000000)"
David Watts,10,2024-03-12,오키나와,관광,"range(100000, 2000000)"
Ryan Finley,70,2024-03-03,"도쿄,",친지 방문,"range(100000, 2000000)"
Natalie Collins,50,2024-03-22,삿포로,친지 방문,"range(100000, 2000000)"
齐春梅,10,2024-03-19,"도쿄,",비지니스,"range(100000, 2000000)"
唐建平,50,2024-03-05,오사카,비지니스,"range(100000, 2000000)"
王梅,40,2024-03-23,후쿠오카,친지 방문,"range(100000, 2000000)"
Juan Wilson,20,2024-03-25,"도쿄,",비지니스,"range(100000, 2000000)"
山本 知実,10,2024-03-09,"도쿄,",친지 방문,"range(100000, 2000000)"
Denise Haley,10,2024-03-10,오사카,관광,"range(100000, 2000000)"
邵亮,50,2024-03-16,삿포로,비지니스,"range(100000, 2000000)"
洪桂芝,60,2024-03-06,삿포로,관광,"range(100000, 2000000)"
李志强,10,2024-03-23,오키나와,관광,"range(100000, 2000000)"
Rebekah Moore,20,2024-03-27,삿포로,관광,"range(100000, 2000000)"
Jeffrey Fuller,70,2024-03-24,"도쿄,",친지 방문,"range(100000, 2000000)"
吉田 翼,70,2024-03-06,"도쿄,",관광,"range(100000, 2000000)"
Kimberly Harris,20,2024-03-19,오키나와,비지니스,"range(100000, 2000000)"
鈴木 淳,60,2024-03-13,후쿠오카,친지 방문,"range(100000, 2000000)"
张莉,50,2024-03-17,오사카,관광,"range(100000, 2000000)"
程秀英,60,2024-03-13,오사카,비지니스,"range(100000, 2000000)"
Don Simpson,20,2024-03-08,오키나와,비지니스,"range(100000, 2000000)"
蒋颖,50,2024-03-14,오키나와,관광,"range(100000, 2000000)"
阿部 千代,60,2024-03-16,"도쿄,",친지 방문,"range(100000, 2000000)"
刘冬梅,40,2024-03-05,오키나와,관광,"range(100000, 2000000)"
구재현,20,2024-03-13,오키나와,비지니스,"range(100000, 2000000)"
孙娜,10,2024-03-06,오사카,관광,"range(100000, 2000000)"
山田 英樹,40,2024-03-13,오사카,관광,"range(100000, 2000000)"
Amanda Boyd,70,2024-03-19,오키나와,관광,"range(100000, 2000000)"
Carolyn Dalton,70,2024-03-22,"도쿄,",관광,"range(100000, 2000000)"
구건우,20,2024-03-06,후쿠오카,비지니스,"range(100000, 2000000)"
Christopher Wood,40,2024-03-02,"도쿄,",비지니스,"range(100000, 2000000)"
武玉英,40,2024-03-14,삿포로,관광,"range(100000, 2000000)"
聂晶,30,2024-03-01,삿포로,친지 방문,"range(100000, 2000000)"
이영환,70,2024-03-25,오사카,관광,"range(100000, 2000000)"
小林 くみ子,70,2024-03-02,"도쿄,",비지니스,"range(100000, 2000000)"
김정순,70,2024-03-24,오사카,비지니스,"range(100000, 2000000)"
佐藤 幹,10,2024-03-13,오키나와,관광,"range(100000, 2000000)"
佐々木 美加子,70,2024-03-13,삿포로,관광,"range(100000, 2000000)"
林 舞,10,2024-03-01,"도쿄,",친지 방문,"range(100000, 2000000)"
祝桂芳,60,2024-03-19,오키나와,관광,"range(100000, 2000000)"
阿部 涼平,10,2024-03-19,삿포로,관광,"range(100000, 2000000)"
小林 健一,60,2024-03-24,오사카,비지니스,"range(100000, 2000000)"
김영길,60,2024-03-18,오키나와,비지니스,"range(100000, 2000000)"
한영미,60,2024-03-24,후쿠오카,비지니스,"range(100000, 2000000)"
전상훈,40,2024-03-23,후쿠오카,관광,"range(100000, 2000000)"
김지원,40,2024-03-21,삿포로,친지 방문,"range(100000, 2000000)"
田中 美加子,50,2024-03-27,"도쿄,",비지니스,"range(100000, 2000000)"
佐藤 桃子,50,2024-03-06,삿포로,비지니스,"range(100000, 2000000)"
山本 陽一,60,2024-03-18,오사카,비지니스,"range(100000, 2000000)"
남정숙,60,2024-03-23,오사카,비지니스,"range(100000, 2000000)"
Harry Kerr,10,2024-03-03,오사카,관광,"range(100000, 2000000)"
황상훈,10,2024-03-03,오사카,비지니스,"range(100000, 2000000)"
张莉,50,2024-03-22,오사카,친지 방문,"range(100000, 2000000)"
윤명자,50,2024-03-19,오사카,친지 방문,"range(100000, 2000000)"
小林 修平,10,2024-03-26,삿포로,비지니스,"range(100000, 2000000)"
Thomas King Jr.,30,2024-03-06,후쿠오카,비지니스,"range(100000, 2000000)"
山本 明美,40,2024-03-26,후쿠오카,비지니스,"range(100000, 2000000)"
中川 翔太,60,2024-03-11,삿포로,친지 방문,"range(100000, 2000000)"
Gerald Horton,70,2024-03-06,삿포로,관광,"range(100000, 2000000)"
곽지훈,10,2024-03-01,오사카,관광,"range(100000, 2000000)"
佐藤 陽子,30,2024-03-23,오사카,관광,"range(100000, 2000000)"
陈荣,40,2024-03-16,"도쿄,",비지니스,"range(100000, 2000000)"
Kristopher Melendez,30,2024-03-09,오사카,비지니스,"range(100000, 2000000)"
纪霞,40,2024-03-06,삿포로,비지니스,"range(100000, 2000000)"
Steven Rodriguez,70,2024-03-19,후쿠오카,비지니스,"range(100000, 2000000)"
林 春香,20,2024-03-18,후쿠오카,관광,"range(100000, 2000000)"
김상훈,40,2024-03-04,후쿠오카,친지 방문,"range(100000, 2000000)"
이상호,20,2024-03-15,삿포로,관광,"range(100000, 2000000)"
Alex Richardson,70,2024-03-13,"도쿄,",관광,"range(100000, 2000000)"
高橋 千代,70,2024-03-11,오키나와,친지 방문,"range(100000, 2000000)"
Natasha Baker,50,2024-03-11,삿포로,비지니스,"range(100000, 2000000)"
강서연,20,2024-03-24,"도쿄,",관광,"range(100000, 2000000)"
余坤,30,2024-03-05,후쿠오카,비지니스,"range(100000, 2000000)"
Kayla Baldwin,40,2024-03-25,삿포로,비지니스,"range(100000, 2000000)"
James Beck,30,2024-03-05,후쿠오카,관광,"range(100000, 2000000)"
Tiffany Stone,40,2024-03-21,"도쿄,",친지 방문,"range(100000, 2000000)"
Justin Young,10,2024-03-13,"도쿄,",관광,"range(100000, 2000000)"
张文,70,2024-03-27,"도쿄,",친지 방문,"range(100000, 2000000)"
한정순,50,2024-03-17,오사카,관광,"range(100000, 2000000)"
冯亮,10,2024-03-19,후쿠오카,비지니스,"range(100000, 2000000)"
高橋 幹,10,2024-03-14,후쿠오카,비지니스,"range(100000, 2000000)"
萧欢,40,2024-03-12,삿포로,비지니스,"range(100000, 2000000)"
문지후,50,2024-03-16,후쿠오카,관광,"range(100000, 2000000)"
橋本 裕太,20,2024-03-09,후쿠오카,관광,"range(100000, 2000000)"
郭桂珍,40,2024-03-15,오사카,비지니스,"range(100000, 2000000)"
廖建平,70,2024-03-13,오사카,관광,"range(100000, 2000000)"
井上 充,30,2024-03-27,삿포로,관광,"range(100000, 2000000)"
藤井 康弘,30,2024-03-18,삿포로,친지 방문,"range(100000, 2000000)"
성지후,40,2024-03-16,후쿠오카,관광,"range(100000, 2000000)"
성미정,50,2024-03-26,삿포로,관광,"range(100000, 2000000)"
Travis Mcintosh,50,2024-03-24,오키나와,친지 방문,"range(100000, 2000000)"
長谷川 あすか,30,2024-03-02,"도쿄,",관광,"range(100000, 2000000)"
Christina Reyes,40,2024-03-07,삿포로,관광,"range(100000, 2000000)"
岡田 智也,60,2024-03-20,후쿠오카,친지 방문,"range(100000, 2000000)"
张颖,10,2024-03-01,삿포로,관광,"range(100000, 2000000)"
송하은,70,2024-03-02,오사카,비지니스,"range(100000, 2000000)"
松本 あすか,60,2024-03-18,삿포로,관광,"range(100000, 2000000)"
Adam Hernandez,60,2024-03-06,삿포로,비지니스,"range(100000, 2000000)"
陈英,70,2024-03-04,오키나와,비지니스,"range(100000, 2000000)"
高超,50,2024-03-24,오사카,친지 방문,"range(100000, 2000000)"
林 桃子,30,2024-03-11,후쿠오카,친지 방문,"range(100000, 2000000)"
김옥순,10,2024-03-27,오키나와,비지니스,"range(100000, 2000000)"
山下 陽一,30,2024-03-17,후쿠오카,비지니스,"range(100000, 2000000)"
鞠丽娟,10,2024-03-24,"도쿄,",관광,"range(100000, 2000000)"
杨亮,50,2024-03-07,삿포로,친지 방문,"range(100000, 2000000)"
Kathryn Andrews,60,2024-03-21,"도쿄,",친지 방문,"range(100000, 2000000)"
Kristen Brown,60,2024-03-25,삿포로,관광,"range(100000, 2000000)"
김성호,30,2024-03-18,삿포로,친지 방문,"range(100000, 2000000)"
清水 英樹,20,2024-03-27,후쿠오카,비지니스,"range(100000, 2000000)"
George Ingram,30,2024-03-15,오사카,친지 방문,"range(100000, 2000000)"
차영진,50,2024-03-08,삿포로,비지니스,"range(100000, 2000000)"
이영일,50,2024-03-19,오사카,친지 방문,"range(100000, 2000000)"
佐藤 健一,30,2024-03-02,"도쿄,",비지니스,"range(100000, 2000000)"
吉田 太郎,40,2024-03-25,오사카,비지니스,"range(100000, 2000000)"
Dale Carter,70,2024-03-17,오사카,비지니스,"range(100000, 2000000)"
고수민,50,2024-03-10,"도쿄,",친지 방문,"range(100000, 2000000)"
福田 加奈,20,2024-03-17,오사카,관광,"range(100000, 2000000)"
曾志强,70,2024-03-06,오키나와,친지 방문,"range(100000, 2000000)"
Ashley Mccall,60,2024-03-17,오키나와,친지 방문,"range(100000, 2000000)"
Kevin Meyer,50,2024-03-17,오키나와,친지 방문,"range(100000, 2000000)"
조은경,10,2024-03-26,오사카,친지 방문,"range(100000, 2000000)"
尚旭,60,2024-03-12,오키나와,관광,"range(100000, 2000000)"
James Hernandez,70,2024-03-21,오사카,친지 방문,"range(100000, 2000000)"
김성수,60,2024-03-05,"도쿄,",관광,"range(100000, 2000000)"
Matthew Malone,50,2024-03-02,오사카,친지 방문,"range(100000, 2000000)"
张亮,70,2024-03-25,후쿠오카,관광,"range(100000, 2000000)"
青木 知実,50,2024-03-07,삿포로,비지니스,"range(100000, 2000000)"
坂本 康弘,60,2024-03-13,오키나와,비지니스,"range(100000, 2000000)"
Sherri Brown,60,2024-03-25,오사카,비지니스,"range(100000, 2000000)"
Amy Smith,50,2024-03-24,오키나와,비지니스,"range(100000, 2000000)"
Chad Baldwin PhD,40,2024-03-13,오키나와,관광,"range(100000, 2000000)"
Zachary Johns,60,2024-03-05,"도쿄,",관광,"range(100000, 2000000)"
김예지,40,2024-03-24,후쿠오카,비지니스,"range(100000, 2000000)"
Amanda Cortez,60,2024-03-05,오사카,관광,"range(100000, 2000000)"
廖利,10,2024-03-12,"도쿄,",비지니스,"range(100000, 2000000)"
陈飞,30,2024-03-07,삿포로,친지 방문,"range(100000, 2000000)"
김아름,60,2024-03-27,오키나와,친지 방문,"range(100000, 2000000)"
Jamie Lee,70,2024-03-05,오사카,친지 방문,"range(100000, 2000000)"
김옥순,40,2024-03-26,오사카,비지니스,"range(100000, 2000000)"
성경자,60,2024-03-03,후쿠오카,비지니스,"range(100000, 2000000)"
Sarah White,60,2024-03-08,후쿠오카,친지 방문,"range(100000, 2000000)"
田中 洋介,40,2024-03-20,오사카,관광,"range(100000, 2000000)"
이종수,40,2024-03-07,후쿠오카,친지 방문,"range(100000, 2000000)"
王琴,30,2024-03-03,오키나와,관광,"range(100000, 2000000)"
Keith Brooks,20,2024-03-09,오사카,비지니스,"range(100000, 2000000)"
박서연,20,2024-03-18,오키나와,친지 방문,"range(100000, 2000000)"
山口 拓真,30,2024-03-26,삿포로,관광,"range(100000, 2000000)"
鈴木 結衣,20,2024-03-25,오키나와,친지 방문,"range(100000, 2000000)"
伊藤 七夏,60,2024-03-19,후쿠오카,관광,"range(100000, 2000000)"
이지후,30,2024-03-17,후쿠오카,관광,"range(100000, 2000000)"
高橋 直人,40,2024-03-12,후쿠오카,비지니스,"range(100000, 2000000)"
清水 淳,30,2024-03-15,"도쿄,",친지 방문,"range(100000, 2000000)"
박정숙,10,2024-03-23,오키나와,친지 방문,"range(100000, 2000000)"
Hannah Garcia,30,2024-03-09,삿포로,친지 방문,"range(100000, 2000000)"
马伟,20,2024-03-15,오키나와,비지니스,"range(100000, 2000000)"
叶鑫,30,2024-03-02,"도쿄,",친지 방문,"range(100000, 2000000)"
Brandon Green,50,2024-03-11,후쿠오카,친지 방문,"range(100000, 2000000)"
岡本 稔,70,2024-03-15,"도쿄,",비지니스,"range(100000, 2000000)"
이윤서,30,2024-03-10,후쿠오카,관광,"range(100000, 2000000)"
이준서,30,2024-03-18,오사카,친지 방문,"range(100000, 2000000)"
Michael Wood,30,2024-03-14,오사카,관광,"range(100000, 2000000)"
Michelle Wallace,30,2024-03-19,삿포로,관광,"range(100000, 2000000)"
Thomas Wright,60,2024-03-05,"도쿄,",관광,"range(100000, 2000000)"
智军,70,2024-03-14,삿포로,친지 방문,"range(100000, 2000000)"
이지혜,60,2024-03-03,"도쿄,",비지니스,"range(100000, 2000000)"
윤재현,40,2024-03-08,삿포로,관광,"range(100000, 2000000)"
罗雪梅,50,2024-03-04,오키나와,비지니스,"range(100000, 2000000)"
김재호,20,2024-03-15,오사카,관광,"range(100000, 2000000)"
伊藤 学,50,2024-03-24,오키나와,친지 방문,"range(100000, 2000000)"
박은경,20,2024-03-02,"도쿄,",친지 방문,"range(100000, 2000000)"
高橋 涼平,70,2024-03-06,오키나와,관광,"range(100000, 2000000)"
山本 真綾,60,2024-03-05,"도쿄,",비지니스,"range(100000, 2000000)"
Beth Jones,60,2024-03-26,삿포로,관광,"range(100000, 2000000)"
张雷,40,2024-03-07,오키나와,친지 방문,"range(100000, 2000000)"
Christine Martin,50,2024-03-27,"도쿄,",관광,"range(100000, 2000000)"
王欢,20,2024-03-05,"도쿄,",비지니스,"range(100000, 2000000)"
李刚,40,2024-03-05,"도쿄,",비지니스,"range(100000, 2000000)"
三浦 香織,30,2024-03-06,오사카,친지 방문,"range(100000, 2000000)"
太田 篤司,20,2024-03-02,삿포로,관광,"range(100000, 2000000)"
方凤英,20,2024-03-10,오키나와,관광,"range(100000, 2000000)"
심정식,30,2024-03-23,후쿠오카,관광,"range(100000, 2000000)"
佐藤 康弘,30,2024-03-20,오사카,비지니스,"range(100000, 2000000)"
Anthony Cortez,50,2024-03-02,"도쿄,",관광,"range(100000, 2000000)"
吉田 さゆり,30,2024-03-27,후쿠오카,친지 방문,"range(100000, 2000000)"
坂本 洋介,40,2024-03-13,후쿠오카,관광,"range(100000, 2000000)"
Jennifer Ward,70,2024-03-09,삿포로,친지 방문,"range(100000, 2000000)"
김민수,20,2024-03-03,"도쿄,",관광,"range(100000, 2000000)"
近藤 春香,60,2024-03-04,오사카,친지 방문,"range(100000, 2000000)"
李淑英,30,2024-03-04,후쿠오카,친지 방문,"range(100000, 2000000)"
松田 和也,30,2024-03-27,오키나와,비지니스,"range(100000, 2000000)"
颜静,10,2024-03-25,오키나와,친지 방문,"range(100000, 2000000)"
魏云,50,2024-03-05,삿포로,관광,"range(100000, 2000000)"
Maria Reed,10,2024-03-15,후쿠오카,관광,"range(100000, 2000000)"
佐々木 桃子,10,2024-03-16,오키나와,친지 방문,"range(100000, 2000000)"
王桂芳,70,2024-03-06,삿포로,친지 방문,"range(100000, 2000000)"
Adrian Robinson,30,2024-03-25,삿포로,비지니스,"range(100000, 2000000)"
최현지,40,2024-03-19,후쿠오카,비지니스,"range(100000, 2000000)"
Anthony Douglas,20,2024-03-24,후쿠오카,친지 방문,"range(100000, 2000000)"
中村 舞,60,2024-03-03,후쿠오카,관광,"range(100000, 2000000)"
中村 あすか,10,2024-03-09,"도쿄,",친지 방문,"range(100000, 2000000)"
加藤 陽一,60,2024-03-02,삿포로,친지 방문,"range(100000, 2000000)"
佐藤 幹,20,2024-03-01,후쿠오카,비지니스,"range(100000, 2000000)"
中川 春香,10,2024-03-23,후쿠오카,비지니스,"range(100000, 2000000)"
佐藤 舞,40,2024-03-23,후쿠오카,관광,"range(100000, 2000000)"
鈴木 明美,40,2024-03-22,오사카,관광,"range(100000, 2000000)"
남정웅,20,2024-03-13,삿포로,친지 방문,"range(100000, 2000000)"
Deborah Hester,10,2024-03-18,후쿠오카,관광,"range(100000, 2000000)"
林 結衣,30,2024-03-01,삿포로,친지 방문,"range(100000, 2000000)"
하지혜,50,2024-03-15,"도쿄,",관광,"range(100000, 2000000)"
山本 智也,20,2024-03-05,오사카,비지니스,"range(100000, 2000000)"
Stephanie Kaiser,70,2024-03-07,오키나와,비지니스,"range(100000, 2000000)"
邢桂珍,70,2024-03-14,후쿠오카,비지니스,"range(100000, 2000000)"
陈秀珍,50,2024-03-26,오사카,비지니스,"range(100000, 2000000)"
이도현,60,2024-03-24,"도쿄,",친지 방문,"range(100000, 2000000)"
张明,60,2024-03-15,오키나와,친지 방문,"range(100000, 2000000)"
佐藤 加奈,50,2024-03-25,"도쿄,",친지 방문,"range(100000, 2000000)"
나지훈,40,2024-03-12,후쿠오카,친지 방문,"range(100000, 2000000)"
박서윤,50,2024-03-01,오사카,관광,"range(100000, 2000000)"
Angela Miranda,40,2024-03-05,"도쿄,",친지 방문,"range(100000, 2000000)"
遠藤 京助,50,2024-03-24,후쿠오카,친지 방문,"range(100000, 2000000)"
Kristen Smith,40,2024-03-12,오키나와,친지 방문,"range(100000, 2000000)"
王伟,60,2024-03-17,오사카,친지 방문,"range(100000, 2000000)"
Roger Levine,30,2024-03-23,후쿠오카,친지 방문,"range(100000, 2000000)"
伏雪,60,2024-03-10,삿포로,관광,"range(100000, 2000000)"
李楠,10,2024-03-06,오사카,관광,"range(100000, 2000000)"
이건우,10,2024-03-15,오키나와,비지니스,"range(100000, 2000000)"
박정자,50,2024-03-02,후쿠오카,비지니스,"range(100000, 2000000)"
송지혜,70,2024-03-07,삿포로,비지니스,"range(100000, 2000000)"
Ashley Miller,70,2024-03-10,오사카,관광,"range(100000, 2000000)"
Tony Patterson,10,2024-03-20,후쿠오카,관광,"range(100000, 2000000)"
坂本 洋介,70,2024-03-04,오키나와,관광,"range(100000, 2000000)"
이영자,10,2024-03-15,오키나와,관광,"range(100000, 2000000)"
徐洁,40,2024-03-14,오사카,친지 방문,"range(100000, 2000000)"
Denise Sullivan,50,2024-03-25,"도쿄,",관광,"range(100000, 2000000)"
오영순,10,2024-03-10,오사카,관광,"range(100000, 2000000)"
高橋 英樹,50,2024-03-16,오키나와,관광,"range(100000, 2000000)"
박재호,50,2024-03-09,"도쿄,",관광,"range(100000, 2000000)"
渡辺 美加子,10,2024-03-13,"도쿄,",관광,"range(100000, 2000000)"
赵玉华,40,2024-03-14,오사카,관광,"range(100000, 2000000)"
王秀华,60,2024-03-10,오사카,친지 방문,"range(100000, 2000000)"
谢秀芳,40,2024-03-08,후쿠오카,비지니스,"range(100000, 2000000)"
张玉梅,50,2024-03-18,삿포로,친지 방문,"range(100000, 2000000)"
심진우,70,2024-03-24,후쿠오카,비지니스,"range(100000, 2000000)"
Benjamin Rose,40,2024-03-17,오사카,친지 방문,"range(100000, 2000000)"
郭玉珍,40,2024-03-08,삿포로,비지니스,"range(100000, 2000000)"
James Davis,30,2024-03-10,오사카,친지 방문,"range(100000, 2000000)"
黄秀芳,20,2024-03-06,후쿠오카,관광,"range(100000, 2000000)"
岡本 充,50,2024-03-08,삿포로,친지 방문,"range(100000, 2000000)"
김명자,10,2024-03-23,오사카,관광,"range(100000, 2000000)"
萧洁,60,2024-03-16,오사카,친지 방문,"range(100000, 2000000)"
张凤英,50,2024-03-02,"도쿄,",관광,"range(100000, 2000000)"
Paul Haney,10,2024-03-13,후쿠오카,관광,"range(100000, 2000000)"
池田 陽子,30,2024-03-21,오키나와,친지 방문,"range(100000, 2000000)"
김시우,10,2024-03-15,오키나와,비지니스,"range(100000, 2000000)"
渡辺 翼,20,2024-03-10,삿포로,비지니스,"range(100000, 2000000)"
山崎 七夏,40,2024-03-13,오키나와,비지니스,"range(100000, 2000000)"
祁佳,10,2024-03-24,삿포로,친지 방문,"range(100000, 2000000)"
李想,50,2024-03-27,후쿠오카,관광,"range(100000, 2000000)"
岡田 陽一,60,2024-03-23,오사카,관광,"range(100000, 2000000)"
김현우,30,2024-03-25,후쿠오카,관광,"range(100000, 2000000)"
伊藤 香織,30,2024-03-23,후쿠오카,비지니스,"range(100000, 2000000)"
郭想,30,2024-03-11,후쿠오카,비지니스,"range(100000, 2000000)"
김예지,50,2024-03-17,후쿠오카,친지 방문,"range(100000, 2000000)"
이은정,40,2024-03-18,삿포로,관광,"range(100000, 2000000)"
山本 亮介,50,2024-03-10,삿포로,관광,"range(100000, 2000000)"
康洁,10,2024-03-08,오사카,관광,"range(100000, 2000000)"
김아름,70,2024-03-04,오키나와,비지니스,"range(100000, 2000000)"
Justin Johnson,70,2024-03-25,오사카,비지니스,"range(100000, 2000000)"
문은주,40,2024-03-16,오키나와,관광,"range(100000, 2000000)"
김병철,70,2024-03-22,삿포로,비지니스,"range(100000, 2000000)"
黄婷婷,30,2024-03-02,후쿠오카,관광,"range(100000, 2000000)"
조영수,50,2024-03-04,"도쿄,",비지니스,"range(100000, 2000000)"
斎藤 篤司,60,2024-03-12,오사카,비지니스,"range(100000, 2000000)"
김숙자,20,2024-03-18,후쿠오카,친지 방문,"range(100000, 2000000)"
Matthew Chapman,70,2024-03-19,"도쿄,",비지니스,"range(100000, 2000000)"
Nicole Russell,70,2024-03-09,오키나와,관광,"range(100000, 2000000)"
김정희,50,2024-03-16,"도쿄,",관광,"range(100000, 2000000)"
Dr. Brandon Rodriguez,70,2024-03-06,"도쿄,",비지니스,"range(100000, 2000000)"
Julie Perkins,30,2024-03-09,삿포로,비지니스,"range(100000, 2000000)"
石秀英,10,2024-03-04,오키나와,관광,"range(100000, 2000000)"
Tara Stewart,50,2024-03-22,삿포로,관광,"range(100000, 2000000)"
Gabriella Gomez,20,2024-03-25,"도쿄,",친지 방문,"range(100000, 2000000)"
김정식,10,2024-03-12,오키나와,관광,"range(100000, 2000000)"
森 加奈,60,2024-03-02,오키나와,친지 방문,"range(100000, 2000000)"
王鹏,10,2024-03-05,후쿠오카,관광,"range(100000, 2000000)"
Andrew Payne,10,2024-03-07,오사카,관광,"range(100000, 2000000)"
中川 修平,20,2024-03-17,후쿠오카,관광,"range(100000, 2000000)"
田中 智也,60,2024-03-10,"도쿄,",관광,"range(100000, 2000000)"
Christopher Torres,60,2024-03-02,오키나와,친지 방문,"range(100000, 2000000)"
小川 稔,60,2024-03-19,후쿠오카,친지 방문,"range(100000, 2000000)"
孙雷,60,2024-03-17,후쿠오카,비지니스,"range(100000, 2000000)"
渡辺 加奈,40,2024-03-18,후쿠오카,친지 방문,"range(100000, 2000000)"
Michael Jenkins,50,2024-03-17,오키나와,관광,"range(100000, 2000000)"
王洁,20,2024-03-08,삿포로,친지 방문,"range(100000, 2000000)"
Joshua Thornton,70,2024-03-09,삿포로,친지 방문,"range(100000, 2000000)"
Bradley Fuller,60,2024-03-08,오키나와,비지니스,"range(100000, 2000000)"
高明,10,2024-03-25,삿포로,친지 방문,"range(100000, 2000000)"
Duane Greene,10,2024-03-17,오사카,비지니스,"range(100000, 2000000)"
池田 和也,60,2024-03-25,오사카,친지 방문,"range(100000, 2000000)"
坂本 治,60,2024-03-27,후쿠오카,비지니스,"range(100000, 2000000)"
김성호,50,2024-03-04,오키나와,관광,"range(100000, 2000000)"
伍凤兰,60,2024-03-08,오사카,비지니스,"range(100000, 2000000)"
加藤 美加子,20,2024-03-22,오사카,관광,"range(100000, 2000000)"
石玲,10,2024-03-12,오사카,친지 방문,"range(100000, 2000000)"
孙红,20,2024-03-17,오키나와,비지니스,"range(100000, 2000000)"
林 健一,40,2024-03-03,후쿠오카,관광,"range(100000, 2000000)"
高橋 陽子,40,2024-03-06,"도쿄,",비지니스,"range(100000, 2000000)"
汤桂芝,30,2024-03-04,오키나와,관광,"range(100000, 2000000)"
陈淑华,30,2024-03-02,오사카,비지니스,"range(100000, 2000000)"
张丽华,30,2024-03-21,오사카,비지니스,"range(100000, 2000000)"
Juan Martinez,30,2024-03-04,후쿠오카,관광,"range(100000, 2000000)"
魏娜,30,2024-03-26,오키나와,친지 방문,"range(100000, 2000000)"
陈秀梅,30,2024-03-20,오키나와,비지니스,"range(100000, 2000000)"
Larry Stone,20,2024-03-13,후쿠오카,관광,"range(100000, 2000000)"
郑畅,50,2024-03-06,오키나와,비지니스,"range(100000, 2000000)"
孔峰,60,2024-03-03,오사카,친지 방문,"range(100000, 2000000)"
坂本 裕樹,70,2024-03-25,오키나와,비지니스,"range(100000, 2000000)"
田中 桃子,40,2024-03-20,후쿠오카,비지니스,"range(100000, 2000000)"
지민재,10,2024-03-20,오사카,관광,"range(100000, 2000000)"
松本 直人,70,2024-03-02,후쿠오카,비지니스,"range(100000, 2000000)"
박경자,10,2024-03-25,오사카,관광,"range(100000, 2000000)"
鈴木 陽子,70,2024-03-25,"도쿄,",친지 방문,"range(100000, 2000000)"
Mr. Philip Gregory,60,2024-03-10,오사카,친지 방문,"range(100000, 2000000)"
Angela Atkinson,40,2024-03-18,삿포로,친지 방문,"range(100000, 2000000)"
Timothy Stokes,20,2024-03-17,후쿠오카,비지니스,"range(100000, 2000000)"
後藤 裕美子,40,2024-03-25,"도쿄,",비지니스,"range(100000, 2000000)"
伊藤 桃子,20,2024-03-15,삿포로,비지니스,"range(100000, 2000000)"
Matthew Morgan,60,2024-03-07,삿포로,비지니스,"range(100000, 2000000)"
橋本 学,60,2024-03-11,오사카,비지니스,"range(100000, 2000000)"
张浩,30,2024-03-17,오사카,친지 방문,"range(100000, 2000000)"
高橋 さゆり,40,2024-03-15,오사카,관광,"range(100000, 2000000)"
鈴木 健一,70,2024-03-17,오키나와,관광,"range(100000, 2000000)"
小林 結衣,60,2024-03-24,오키나와,관광,"range(100000, 2000000)"
Lisa Hernandez,50,2024-03-02,"도쿄,",관광,"range(100000, 2000000)"
王丽娟,30,2024-03-22,오키나와,친지 방문,"range(100000, 2000000)"
Maria Higgins,20,2024-03-03,오키나와,친지 방문,"range(100000, 2000000)"
박은주,50,2024-03-16,후쿠오카,비지니스,"range(100000, 2000000)"
박미정,10,2024-03-22,후쿠오카,비지니스,"range(100000, 2000000)"
中川 淳,60,2024-03-15,"도쿄,",친지 방문,"range(100000, 2000000)"
何岩,70,2024-03-06,"도쿄,",관광,"range(100000, 2000000)"
최경희,40,2024-03-08,후쿠오카,비지니스,"range(100000, 2000000)"
김성수,70,2024-03-12,"도쿄,",친지 방문,"range(100000, 2000000)"
斎藤 和也,60,2024-03-01,"도쿄,",친지 방문,"range(100000, 2000000)"
孙颖,60,2024-03-08,"도쿄,",비지니스,"range(100000, 2000000)"
中村 裕美子,50,2024-03-07,삿포로,친지 방문,"range(100000, 2000000)"
高橋 直子,50,2024-03-10,"도쿄,",친지 방문,"range(100000, 2000000)"
Sara Clark,70,2024-03-02,오사카,친지 방문,"range(100000, 2000000)"
윤도윤,10,2024-03-19,삿포로,비지니스,"range(100000, 2000000)"
Daniel Sparks,10,2024-03-18,오사카,비지니스,"range(100000, 2000000)"
王丽华,70,2024-03-23,삿포로,비지니스,"range(100000, 2000000)"
田中 淳,30,2024-03-19,삿포로,관광,"range(100000, 2000000)"
홍성민,40,2024-03-02,후쿠오카,친지 방문,"range(100000, 2000000)"
Jeremy Scott,30,2024-03-26,"도쿄,",관광,"range(100000, 2000000)"
Danielle Baker,10,2024-03-04,삿포로,친지 방문,"range(100000, 2000000)"
Kimberly Stewart,40,2024-03-15,오사카,비지니스,"range(100000, 2000000)"
Kevin Townsend,70,2024-03-09,삿포로,친지 방문,"range(100000, 2000000)"
Gregory Moore,40,2024-03-11,오키나와,관광,"range(100000, 2000000)"
Mallory Price,60,2024-03-19,오사카,친지 방문,"range(100000, 2000000)"
Joel Graves,10,2024-03-10,오사카,친지 방문,"range(100000, 2000000)"
Melissa Mckinney,40,2024-03-27,삿포로,비지니스,"range(100000, 2000000)"
Barry Ali,60,2024-03-15,후쿠오카,관광,"range(100000, 2000000)"
阿部 里佳,20,2024-03-03,삿포로,비지니스,"range(100000, 2000000)"
胡帆,40,2024-03-22,"도쿄,",비지니스,"range(100000, 2000000)"
Tom Caldwell,60,2024-03-08,"도쿄,",관광,"range(100000, 2000000)"
Jeanette Thomas,70,2024-03-10,오사카,친지 방문,"range(100000, 2000000)"
王红梅,30,2024-03-13,오키나와,친지 방문,"range(100000, 2000000)"
최명숙,40,2024-03-17,오사카,친지 방문,"range(100000, 2000000)"
James Hanson,50,2024-03-03,삿포로,관광,"range(100000, 2000000)"
김중수,70,2024-03-04,오키나와,관광,"range(100000, 2000000)"
朱帆,10,2024-03-21,삿포로,친지 방문,"range(100000, 2000000)"
Mary Morton,50,2024-03-08,후쿠오카,비지니스,"range(100000, 2000000)"
谢峰,40,2024-03-19,삿포로,관광,"range(100000, 2000000)"
Jeff Owens,20,2024-03-06,후쿠오카,관광,"range(100000, 2000000)"
김지현,30,2024-03-21,삿포로,관광,"range(100000, 2000000)"
宋平,50,2024-03-01,후쿠오카,관광,"range(100000, 2000000)"
안정호,30,2024-03-11,오키나와,관광,"range(100000, 2000000)"
王玉珍,50,2024-03-14,"도쿄,",비지니스,"range(100000, 2000000)"
山田 舞,30,2024-03-22,오키나와,친지 방문,"range(100000, 2000000)"
이경희,10,2024-03-06,삿포로,비지니스,"range(100000, 2000000)"
王志强,20,2024-03-14,"도쿄,",관광,"range(100000, 2000000)"
Tracey Thompson,40,2024-03-14,삿포로,관광,"range(100000, 2000000)"
Katherine Morris,50,2024-03-22,후쿠오카,비지니스,"range(100000, 2000000)"
岡田 桃子,10,2024-03-14,"도쿄,",관광,"range(100000, 2000000)"
David Williams,50,2024-03-19,오사카,비지니스,"range(100000, 2000000)"
中村 あすか,50,2024-03-07,"도쿄,",비지니스,"range(100000, 2000000)"
서은서,60,2024-03-14,후쿠오카,비지니스,"range(100000, 2000000)"
井上 陽子,10,2024-03-09,오사카,비지니스,"range(100000, 2000000)"
Kevin Durham,50,2024-03-06,후쿠오카,관광,"range(100000, 2000000)"
Kristine Moore,30,2024-03-16,오사카,친지 방문,"range(100000, 2000000)"
冯帅,50,2024-03-05,오사카,관광,"range(100000, 2000000)"
백지은,50,2024-03-23,삿포로,비지니스,"range(100000, 2000000)"
Claire Fowler,60,2024-03-17,후쿠오카,친지 방문,"range(100000, 2000000)"
Ann Collins,10,2024-03-24,삿포로,비지니스,"range(100000, 2000000)"
刘杨,30,2024-03-03,오사카,비지니스,"range(100000, 2000000)"
张小红,60,2024-03-02,오키나와,친지 방문,"range(100000, 2000000)"
Eric Johnson,30,2024-03-14,"도쿄,",친지 방문,"range(100000, 2000000)"
Amy Velazquez,30,2024-03-16,"도쿄,",친지 방문,"range(100000, 2000000)"
김영숙,30,2024-03-18,오키나와,관광,"range(100000, 2000000)"
Mary Kelly,70,2024-03-08,후쿠오카,비지니스,"range(100000, 2000000)"
鈴木 太郎,30,2024-03-06,오사카,친지 방문,"range(100000, 2000000)"
윤은경,50,2024-03-08,후쿠오카,비지니스,"range(100000, 2000000)"
涂婷,30,2024-03-22,오키나와,친지 방문,"range(100000, 2000000)"
迟飞,10,2024-03-17,삿포로,관광,"range(100000, 2000000)"
김옥순,50,2024-03-14,후쿠오카,친지 방문,"range(100000, 2000000)"
木村 直樹,60,2024-03-03,오사카,관광,"range(100000, 2000000)"
Destiny Butler,30,2024-03-05,삿포로,관광,"range(100000, 2000000)"
Andrew Berger,60,2024-03-09,삿포로,비지니스,"range(100000, 2000000)"
이상호,10,2024-03-26,오키나와,비지니스,"range(100000, 2000000)"
韦慧,70,2024-03-26,후쿠오카,친지 방문,"range(100000, 2000000)"
曹晨,30,2024-03-22,오사카,비지니스,"range(100000, 2000000)"
김상현,50,2024-03-09,오사카,비지니스,"range(100000, 2000000)"
渡辺 桃子,70,2024-03-06,후쿠오카,친지 방문,"range(100000, 2000000)"
Jeffrey Adams,50,2024-03-13,후쿠오카,친지 방문,"range(100000, 2000000)"
Joseph Finley,70,2024-03-15,오키나와,친지 방문,"range(100000, 2000000)"
曹萍,50,2024-03-25,삿포로,친지 방문,"range(100000, 2000000)"
陈凯,50,2024-03-07,오키나와,비지니스,"range(100000, 2000000)"
Michael Romero,30,2024-03-20,"도쿄,",관광,"range(100000, 2000000)"
鈴木 修平,60,2024-03-01,"도쿄,",친지 방문,"range(100000, 2000000)"
後藤 くみ子,70,2024-03-27,삿포로,친지 방문,"range(100000, 2000000)"
蓝东,40,2024-03-15,오사카,친지 방문,"range(100000, 2000000)"
Christina Roberts,10,2024-03-19,오사카,관광,"range(100000, 2000000)"
丰红霞,70,2024-03-13,오사카,비지니스,"range(100000, 2000000)"
高橋 舞,60,2024-03-12,오키나와,비지니스,"range(100000, 2000000)"
安成,70,2024-03-17,오사카,비지니스,"range(100000, 2000000)"
後藤 智也,30,2024-03-05,오키나와,관광,"range(100000, 2000000)"
John Bush,70,2024-03-08,삿포로,관광,"range(100000, 2000000)"
이정식,70,2024-03-07,"도쿄,",친지 방문,"range(100000, 2000000)"
西村 真綾,70,2024-03-08,"도쿄,",관광,"range(100000, 2000000)"
김준호,70,2024-03-06,삿포로,친지 방문,"range(100000, 2000000)"
田雷,20,2024-03-07,삿포로,친지 방문,"range(100000, 2000000)"
김명숙,30,2024-03-24,오사카,비지니스,"range(100000, 2000000)"
이혜진,50,2024-03-06,"도쿄,",친지 방문,"range(100000, 2000000)"
刘秀珍,60,2024-03-26,"도쿄,",관광,"range(100000, 2000000)"
Dennis Dorsey,10,2024-03-15,후쿠오카,친지 방문,"range(100000, 2000000)"
王莉,10,2024-03-25,삿포로,친지 방문,"range(100000, 2000000)"
林颖,70,2024-03-11,오키나와,관광,"range(100000, 2000000)"
류순자,10,2024-03-15,오키나와,친지 방문,"range(100000, 2000000)"
王玉华,40,2024-03-21,"도쿄,",비지니스,"range(100000, 2000000)"
Travis Powell,20,2024-03-22,삿포로,비지니스,"range(100000, 2000000)"
池田 くみ子,60,2024-03-10,삿포로,비지니스,"range(100000, 2000000)"
이지현,40,2024-03-22,오사카,비지니스,"range(100000, 2000000)"
彭桂香,10,2024-03-27,후쿠오카,친지 방문,"range(100000, 2000000)"
Austin Wolf,70,2024-03-16,오키나와,친지 방문,"range(100000, 2000000)"
고현우,40,2024-03-15,오사카,관광,"range(100000, 2000000)"
진진우,40,2024-03-24,오사카,친지 방문,"range(100000, 2000000)"
佐藤 真綾,70,2024-03-16,후쿠오카,친지 방문,"range(100000, 2000000)"
林 直樹,10,2024-03-14,오사카,친지 방문,"range(100000, 2000000)"
James Wilson,30,2024-03-21,삿포로,비지니스,"range(100000, 2000000)"
叶丽丽,40,2024-03-19,삿포로,비지니스,"range(100000, 2000000)"
Tammy Morgan,30,2024-03-15,"도쿄,",비지니스,"range(100000, 2000000)"
Justin Bass,20,2024-03-08,오사카,친지 방문,"range(100000, 2000000)"
김민지,70,2024-03-15,오사카,비지니스,"range(100000, 2000000)"
冉秀珍,50,2024-03-08,후쿠오카,관광,"range(100000, 2000000)"
佐々木 七夏,20,2024-03-09,후쿠오카,비지니스,"range(100000, 2000000)"
渡辺 加奈,60,2024-03-02,오사카,친지 방문,"range(100000, 2000000)"
최영철,70,2024-03-13,삿포로,친지 방문,"range(100000, 2000000)"
伊藤 治,70,2024-03-07,오사카,친지 방문,"range(100000, 2000000)"
郭秀兰,20,2024-03-25,오키나와,친지 방문,"range(100000, 2000000)"
佐藤 花子,40,2024-03-01,오사카,친지 방문,"range(100000, 2000000)"
岡田 陽子,50,2024-03-15,"도쿄,",비지니스,"range(100000, 2000000)"
Tommy Hawkins,60,2024-03-08,"도쿄,",관광,"range(100000, 2000000)"
蒋琴,40,2024-03-13,"도쿄,",비지니스,"range(100000, 2000000)"
鈴木 翔太,30,2024-03-10,오사카,친지 방문,"range(100000, 2000000)"
John Price,40,2024-03-11,오키나와,관광,"range(100000, 2000000)"
Rachel Shaw,40,2024-03-03,삿포로,관광,"range(100000, 2000000)"
阿部 加奈,70,2024-03-04,삿포로,친지 방문,"range(100000, 2000000)"
안건우,30,2024-03-20,오키나와,친지 방문,"range(100000, 2000000)"
橋本 京助,70,2024-03-19,오사카,친지 방문,"range(100000, 2000000)"
李桂英,70,2024-03-19,후쿠오카,관광,"range(100000, 2000000)"
石井 くみ子,50,2024-03-04,"도쿄,",관광,"range(100000, 2000000)"
中川 洋介,50,2024-03-22,"도쿄,",관광,"range(100000, 2000000)"
김건우,30,2024-03-19,"도쿄,",관광,"range(100000, 2000000)"
罗成,70,2024-03-20,오키나와,관광,"range(100000, 2000000)"
蒋春梅,60,2024-03-05,삿포로,비지니스,"range(100000, 2000000)"
罗丹,60,2024-03-02,후쿠오카,관광,"range(100000, 2000000)"
井上 美加子,50,2024-03-04,오키나와,비지니스,"range(100000, 2000000)"
류준서,20,2024-03-16,삿포로,친지 방문,"range(100000, 2000000)"
Matthew Thompson,50,2024-03-15,오키나와,관광,"range(100000, 2000000)"
안시우,40,2024-03-14,삿포로,비지니스,"range(100000, 2000000)"
Amy Green,40,2024-03-04,"도쿄,",비지니스,"range(100000, 2000000)"
김상현,40,2024-03-01,삿포로,친지 방문,"range(100000, 2000000)"
한지민,10,2024-03-14,오키나와,관광,"range(100000, 2000000)"
오민석,70,2024-03-23,오키나와,친지 방문,"range(100000, 2000000)"
Brendan Anderson,60,2024-03-25,오키나와,관광,"range(100000, 2000000)"
薄杰,30,2024-03-05,오키나와,관광,"range(100000, 2000000)"
최미숙,60,2024-03-18,"도쿄,",관광,"range(100000, 2000000)"
Wyatt White,30,2024-03-19,후쿠오카,관광,"range(100000, 2000000)"
黄敏,70,2024-03-06,후쿠오카,관광,"range(100000, 2000000)"
황미경,60,2024-03-17,오사카,친지 방문,"range(100000, 2000000)"
이승현,70,2024-03-06,삿포로,관광,"range(100000, 2000000)"
Tiffany Garza,40,2024-03-01,"도쿄,",친지 방문,"range(100000, 2000000)"
박정호,70,2024-03-26,"도쿄,",비지니스,"range(100000, 2000000)"
加藤 くみ子,20,2024-03-18,오사카,친지 방문,"range(100000, 2000000)"
나서준,40,2024-03-12,오키나와,관광,"range(100000, 2000000)"
高橋 直人,40,2024-03-16,오사카,친지 방문,"range(100000, 2000000)"
이승민,20,2024-03-05,오사카,관광,"range(100000, 2000000)"
김은영,50,2024-03-14,삿포로,관광,"range(100000, 2000000)"
佐々木 結衣,40,2024-03-26,오사카,관광,"range(100000, 2000000)"
斎藤 修平,10,2024-03-03,오키나와,비지니스,"range(100000, 2000000)"
김민수,70,2024-03-27,오사카,친지 방문,"range(100000, 2000000)"
山口 充,60,2024-03-14,후쿠오카,친지 방문,"range(100000, 2000000)"
Christopher Harper,50,2024-03-01,오사카,관광,"range(100000, 2000000)"
Mr. Roberto Odom,60,2024-03-17,"도쿄,",친지 방문,"range(100000, 2000000)"
李阳,10,2024-03-18,오키나와,비지니스,"range(100000, 2000000)"
斎藤 幹,40,2024-03-02,"도쿄,",친지 방문,"range(100000, 2000000)"
송명숙,70,2024-03-04,오사카,관광,"range(100000, 2000000)"
김우진,50,2024-03-08,삿포로,비지니스,"range(100000, 2000000)"
赵婷婷,70,2024-03-23,오사카,관광,"range(100000, 2000000)"
周建平,60,2024-03-19,오사카,친지 방문,"range(100000, 2000000)"
Catherine Williams PhD,60,2024-03-09,"도쿄,",관광,"range(100000, 2000000)"
高橋 幹,50,2024-03-24,후쿠오카,친지 방문,"range(100000, 2000000)"
Kimberly Burns,10,2024-03-26,오사카,친지 방문,"range(100000, 2000000)"
Jennifer Paul,40,2024-03-04,후쿠오카,관광,"range(100000, 2000000)"
Scott Mckinney,60,2024-03-20,오키나와,친지 방문,"range(100000, 2000000)"
常娟,20,2024-03-07,후쿠오카,비지니스,"range(100000, 2000000)"
Gabriela Mckinney,70,2024-03-08,"도쿄,",친지 방문,"range(100000, 2000000)"
山本 翼,60,2024-03-25,"도쿄,",비지니스,"range(100000, 2000000)"
佐々木 あすか,20,2024-03-16,오사카,관광,"range(100000, 2000000)"
李淑珍,60,2024-03-14,삿포로,비지니스,"range(100000, 2000000)"
Laura Ortiz,40,2024-03-04,오키나와,관광,"range(100000, 2000000)"
岡本 稔,50,2024-03-03,후쿠오카,관광,"range(100000, 2000000)"
장예진,20,2024-03-22,삿포로,관광,"range(100000, 2000000)"
宋瑜,30,2024-03-09,오키나와,관광,"range(100000, 2000000)"
张岩,60,2024-03-04,"도쿄,",친지 방문,"range(100000, 2000000)"
Lori Sanchez,70,2024-03-09,오키나와,관광,"range(100000, 2000000)"
Antonio Barber,40,2024-03-03,"도쿄,",친지 방문,"range(100000, 2000000)"
송지우,60,2024-03-07,후쿠오카,친지 방문,"range(100000, 2000000)"
加藤 直子,30,2024-03-22,후쿠오카,비지니스,"range(100000, 2000000)"
李帅,30,2024-03-06,오사카,관광,"range(100000, 2000000)"
陈鑫,60,2024-03-01,오키나와,관광,"range(100000, 2000000)"
王佳,20,2024-03-25,오키나와,비지니스,"range(100000, 2000000)"
佐藤 直子,20,2024-03-11,오키나와,친지 방문,"range(100000, 2000000)"
王桂芝,40,2024-03-19,"도쿄,",비지니스,"range(100000, 2000000)"
Gregory Bryant,40,2024-03-18,후쿠오카,비지니스,"range(100000, 2000000)"
Jeff Ward,20,2024-03-20,"도쿄,",비지니스,"range(100000, 2000000)"
최민서,20,2024-03-18,삿포로,친지 방문,"range(100000, 2000000)"
Alexandra Bell,70,2024-03-06,오키나와,친지 방문,"range(100000, 2000000)"
박건우,70,2024-03-05,오키나와,친지 방문,"range(100000, 2000000)"
이예진,20,2024-03-09,오사카,친지 방문,"range(100000, 2000000)"
윤정수,10,2024-03-16,오사카,비지니스,"range(100000, 2000000)"
渡辺 涼平,70,2024-03-18,후쿠오카,비지니스,"range(100000, 2000000)"
김유진,40,2024-03-23,오키나와,친지 방문,"range(100000, 2000000)"
鈴木 加奈,10,2024-03-09,오사카,관광,"range(100000, 2000000)"
권재호,20,2024-03-17,오사카,친지 방문,"range(100000, 2000000)"
藤田 千代,20,2024-03-18,오키나와,관광,"range(100000, 2000000)"
阿部 春香,10,2024-03-08,후쿠오카,관광,"range(100000, 2000000)"
魏玉,50,2024-03-17,후쿠오카,관광,"range(100000, 2000000)"
Katie Carlson,30,2024-03-10,오키나와,친지 방문,"range(100000, 2000000)"
Benjamin Rivers,70,2024-03-20,오키나와,친지 방문,"range(100000, 2000000)"
胡桂珍,40,2024-03-11,"도쿄,",비지니스,"range(100000, 2000000)"
佐藤 零,20,2024-03-14,오키나와,관광,"range(100000, 2000000)"
李博,70,2024-03-23,오사카,친지 방문,"range(100000, 2000000)"
이지후,70,2024-03-09,후쿠오카,친지 방문,"range(100000, 2000000)"
Cynthia Bruce,40,2024-03-19,오키나와,친지 방문,"range(100000, 2000000)"
田中 太郎,50,2024-03-05,"도쿄,",비지니스,"range(100000, 2000000)"
김영미,20,2024-03-10,"도쿄,",관광,"range(100000, 2000000)"
张桂芳,10,2024-03-19,삿포로,친지 방문,"range(100000, 2000000)"
Clayton Petersen,30,2024-03-18,"도쿄,",친지 방문,"range(100000, 2000000)"
张涛,10,2024-03-11,후쿠오카,관광,"range(100000, 2000000)"
Cheryl Sanchez,40,2024-03-24,"도쿄,",비지니스,"range(100000, 2000000)"
Gregory Fisher,60,2024-03-24,오키나와,친지 방문,"range(100000, 2000000)"
石川 裕樹,50,2024-03-10,후쿠오카,관광,"range(100000, 2000000)"
梁勇,30,2024-03-12,오키나와,비지니스,"range(100000, 2000000)"
김영순,60,2024-03-24,삿포로,비지니스,"range(100000, 2000000)"
田中 淳,60,2024-03-02,"도쿄,",비지니스,"range(100000, 2000000)"
이현지,20,2024-03-21,오사카,비지니스,"range(100000, 2000000)"
Courtney Smith,10,2024-03-19,삿포로,관광,"range(100000, 2000000)"
陈兵,60,2024-03-18,후쿠오카,관광,"range(100000, 2000000)"
Jennifer Archer,70,2024-03-27,오사카,비지니스,"range(100000, 2000000)"
Christine Diaz,70,2024-03-15,삿포로,관광,"range(100000, 2000000)"
윤순옥,10,2024-03-09,삿포로,친지 방문,"range(100000, 2000000)"
Valerie Thomas,50,2024-03-16,삿포로,비지니스,"range(100000, 2000000)"
岡本 桃子,10,2024-03-24,후쿠오카,비지니스,"range(100000, 2000000)"
鈴木 花子,20,2024-03-27,오키나와,친지 방문,"range(100000, 2000000)"
Heather Cruz PhD,60,2024-03-21,오키나와,관광,"range(100000, 2000000)"
Melissa Cabrera,70,2024-03-25,후쿠오카,친지 방문,"range(100000, 2000000)"
郭燕,20,2024-03-23,오키나와,비지니스,"range(100000, 2000000)"
손영일,40,2024-03-14,삿포로,관광,"range(100000, 2000000)"
Garrett Wyatt,30,2024-03-21,후쿠오카,비지니스,"range(100000, 2000000)"
山下 康弘,50,2024-03-20,후쿠오카,친지 방문,"range(100000, 2000000)"
藤田 康弘,30,2024-03-25,오사카,비지니스,"range(100000, 2000000)"
刘琴,30,2024-03-25,오키나와,비지니스,"range(100000, 2000000)"
김은지,10,2024-03-09,오사카,비지니스,"range(100000, 2000000)"
郑淑英,70,2024-03-20,"도쿄,",관광,"range(100000, 2000000)"
袁雪梅,70,2024-03-01,"도쿄,",관광,"range(100000, 2000000)"
杨凯,20,2024-03-15,오사카,비지니스,"range(100000, 2000000)"
Craig Wilson,10,2024-03-22,오키나와,친지 방문,"range(100000, 2000000)"
Michael Harris,30,2024-03-17,오키나와,비지니스,"range(100000, 2000000)"
张鑫,30,2024-03-03,오사카,관광,"range(100000, 2000000)"
송민서,20,2024-03-19,오키나와,비지니스,"range(100000, 2000000)"
김지후,40,2024-03-22,오키나와,관광,"range(100000, 2000000)"
孙玉,10,2024-03-05,후쿠오카,관광,"range(100000, 2000000)"
佐藤 亮介,10,2024-03-17,오키나와,비지니스,"range(100000, 2000000)"
王瑞,10,2024-03-04,삿포로,비지니스,"range(100000, 2000000)"
James Edwards,70,2024-03-09,삿포로,비지니스,"range(100000, 2000000)"
小川 修平,60,2024-03-09,오사카,친지 방문,"range(100000, 2000000)"
斎藤 加奈,70,2024-03-05,오사카,비지니스,"range(100000, 2000000)"
小川 加奈,60,2024-03-27,오키나와,관광,"range(100000, 2000000)"
刘琳,40,2024-03-24,오사카,비지니스,"range(100000, 2000000)"
김민준,10,2024-03-17,후쿠오카,친지 방문,"range(100000, 2000000)"
최병철,20,2024-03-02,"도쿄,",비지니스,"range(100000, 2000000)"
박미숙,70,2024-03-24,삿포로,친지 방문,"range(100000, 2000000)"
김시우,60,2024-03-04,삿포로,비지니스,"range(100000, 2000000)"
山本 七夏,20,2024-03-16,후쿠오카,친지 방문,"range(100000, 2000000)"
Matthew Solomon,40,2024-03-21,후쿠오카,친지 방문,"range(100000, 2000000)"
魏佳,10,2024-03-17,오사카,비지니스,"range(100000, 2000000)"
이지아,20,2024-03-19,삿포로,친지 방문,"range(100000, 2000000)"
Joseph Kline,20,2024-03-21,오사카,친지 방문,"range(100000, 2000000)"
黄丹丹,40,2024-03-26,삿포로,친지 방문,"range(100000, 2000000)"
김성현,50,2024-03-05,삿포로,친지 방문,"range(100000, 2000000)"
오민준,20,2024-03-12,오사카,관광,"range(100000, 2000000)"
김수진,70,2024-03-26,오사카,관광,"range(100000, 2000000)"
李洁,70,2024-03-22,삿포로,비지니스,"range(100000, 2000000)"
김성현,30,2024-03-24,삿포로,비지니스,"range(100000, 2000000)"
민서윤,20,2024-03-11,삿포로,친지 방문,"range(100000, 2000000)"
Carlos Faulkner,60,2024-03-13,"도쿄,",비지니스,"range(100000, 2000000)"
徐淑华,20,2024-03-12,오사카,비지니스,"range(100000, 2000000)"
段婷婷,20,2024-03-22,후쿠오카,비지니스,"range(100000, 2000000)"
최현준,20,2024-03-23,오사카,관광,"range(100000, 2000000)"
蒋建国,40,2024-03-15,오사카,관광,"range(100000, 2000000)"
Ralph Lee,20,2024-03-05,오사카,비지니스,"range(100000, 2000000)"
裴婷婷,60,2024-03-16,오키나와,비지니스,"range(100000, 2000000)"
斎藤 あすか,70,2024-03-20,오사카,친지 방문,"range(100000, 2000000)"
Anna Hernandez,60,2024-03-22,삿포로,관광,"range(100000, 2000000)"
马丹,40,2024-03-06,삿포로,비지니스,"range(100000, 2000000)"
陈丹,20,2024-03-17,오사카,관광,"range(100000, 2000000)"
陶冬梅,60,2024-03-07,오키나와,비지니스,"range(100000, 2000000)"
임혜진,40,2024-03-06,"도쿄,",친지 방문,"range(100000, 2000000)"
木村 裕太,20,2024-03-24,오키나와,관광,"range(100000, 2000000)"
後藤 陽子,40,2024-03-01,"도쿄,",비지니스,"range(100000, 2000000)"
张强,50,2024-03-27,후쿠오카,비지니스,"range(100000, 2000000)"
陈荣,60,2024-03-27,오사카,비지니스,"range(100000, 2000000)"
侯云,10,2024-03-15,삿포로,관광,"range(100000, 2000000)"
坂本 浩,40,2024-03-08,오사카,비지니스,"range(100000, 2000000)"
Leslie Long,70,2024-03-20,"도쿄,",친지 방문,"range(100000, 2000000)"
山田 直子,30,2024-03-04,오키나와,친지 방문,"range(100000, 2000000)"
坂本 真綾,60,2024-03-02,오사카,관광,"range(100000, 2000000)"
後藤 稔,70,2024-03-16,삿포로,관광,"range(100000, 2000000)"
加藤 加奈,10,2024-03-25,"도쿄,",친지 방문,"range(100000, 2000000)"
邹倩,50,2024-03-12,삿포로,비지니스,"range(100000, 2000000)"
俞丹,20,2024-03-01,오사카,관광,"range(100000, 2000000)"
山口 亮介,20,2024-03-24,오사카,관광,"range(100000, 2000000)"
吉春梅,10,2024-03-25,후쿠오카,관광,"range(100000, 2000000)"
이준서,50,2024-03-21,오사카,친지 방문,"range(100000, 2000000)"
김순옥,30,2024-03-22,후쿠오카,관광,"range(100000, 2000000)"
이도윤,60,2024-03-25,오사카,친지 방문,"range(100000, 2000000)"
高俊,20,2024-03-16,오사카,관광,"range(100000, 2000000)"
中村 浩,50,2024-03-19,"도쿄,",친지 방문,"range(100000, 2000000)"
Patricia Chase,70,2024-03-23,오키나와,관광,"range(100000, 2000000)"
Nicole Stafford,60,2024-03-08,오사카,관광,"range(100000, 2000000)"
Francisco Ramos,40,2024-03-04,후쿠오카,관광,"range(100000, 2000000)"
황경자,70,2024-03-02,"도쿄,",비지니스,"range(100000, 2000000)"
이정자,50,2024-03-22,오키나와,비지니스,"range(100000, 2000000)"
Jill Blackwell,10,2024-03-21,후쿠오카,관광,"range(100000, 2000000)"
钱建华,50,2024-03-22,삿포로,친지 방문,"range(100000, 2000000)"
Alicia Brooks,20,2024-03-03,오키나와,관광,"range(100000, 2000000)"
袁秀兰,30,2024-03-20,후쿠오카,비지니스,"range(100000, 2000000)"
岡本 桃子,10,2024-03-16,후쿠오카,친지 방문,"range(100000, 2000000)"
李强,40,2024-03-15,삿포로,관광,"range(100000, 2000000)"
杜敏,70,2024-03-27,"도쿄,",친지 방문,"range(100000, 2000000)"
Catherine Gardner,30,2024-03-07,"도쿄,",비지니스,"range(100000, 2000000)"
山本 舞,60,2024-03-19,후쿠오카,관광,"range(100000, 2000000)"
이병철,60,2024-03-18,오키나와,친지 방문,"range(100000, 2000000)"
조상현,10,2024-03-22,후쿠오카,친지 방문,"range(100000, 2000000)"
小川 裕樹,10,2024-03-04,삿포로,관광,"range(100000, 2000000)"
James Allen,30,2024-03-25,삿포로,친지 방문,"range(100000, 2000000)"
高磊,40,2024-03-26,오키나와,비지니스,"range(100000, 2000000)"
坂本 桃子,40,2024-03-09,후쿠오카,비지니스,"range(100000, 2000000)"
이선영,40,2024-03-14,후쿠오카,비지니스,"range(100000, 2000000)"
이지후,20,2024-03-16,오키나와,관광,"range(100000, 2000000)"
Virginia Thornton,30,2024-03-18,"도쿄,",관광,"range(100000, 2000000)"
徐亮,50,2024-03-13,삿포로,비지니스,"range(100000, 2000000)"
王红,50,2024-03-01,오사카,비지니스,"range(100000, 2000000)"
Anthony Mcfarland,10,2024-03-10,오키나와,친지 방문,"range(100000, 2000000)"
Jennifer Woods,40,2024-03-13,후쿠오카,친지 방문,"range(100000, 2000000)"
麦秀英,30,2024-03-20,후쿠오카,비지니스,"range(100000, 2000000)"
이정순,50,2024-03-07,후쿠오카,관광,"range(100000, 2000000)"
斎藤 涼平,40,2024-03-02,후쿠오카,관광,"range(100000, 2000000)"
赵凤兰,40,2024-03-11,후쿠오카,관광,"range(100000, 2000000)"
Paul Warren,20,2024-03-07,"도쿄,",친지 방문,"range(100000, 2000000)"
太田 修平,20,2024-03-05,오키나와,비지니스,"range(100000, 2000000)"
池田 浩,20,2024-03-20,삿포로,비지니스,"range(100000, 2000000)"
山崎 洋介,60,2024-03-25,삿포로,친지 방문,"range(100000, 2000000)"
김은영,20,2024-03-07,삿포로,비지니스,"range(100000, 2000000)"
최준서,20,2024-03-14,"도쿄,",비지니스,"range(100000, 2000000)"
Julie Moore,40,2024-03-05,삿포로,관광,"range(100000, 2000000)"
이영호,10,2024-03-02,삿포로,비지니스,"range(100000, 2000000)"
松本 美加子,70,2024-03-06,후쿠오카,관광,"range(100000, 2000000)"
高橋 学,30,2024-03-25,후쿠오카,비지니스,"range(100000, 2000000)"
田中 健一,70,2024-03-14,오사카,친지 방문,"range(100000, 2000000)"
김영미,60,2024-03-22,오사카,친지 방문,"range(100000, 2000000)"
田中 明美,70,2024-03-18,"도쿄,",관광,"range(100000, 2000000)"
石川 美加子,40,2024-03-15,오키나와,비지니스,"range(100000, 2000000)"
전윤서,50,2024-03-09,오사카,친지 방문,"range(100000, 2000000)"
坂本 真綾,10,2024-03-10,오키나와,관광,"range(100000, 2000000)"
박현우,10,2024-03-16,후쿠오카,관광,"range(100000, 2000000)"
김수민,40,2024-03-21,후쿠오카,비지니스,"range(100000, 2000000)"
山本 知実,60,2024-03-10,"도쿄,",관광,"range(100000, 2000000)"
김지후,10,2024-03-25,삿포로,비지니스,"range(100000, 2000000)"
Michael Mercado,60,2024-03-16,삿포로,친지 방문,"range(100000, 2000000)"
刘雷,10,2024-03-10,오사카,비지니스,"range(100000, 2000000)"
최성훈,50,2024-03-14,후쿠오카,관광,"range(100000, 2000000)"
吴柳,70,2024-03-25,삿포로,관광,"range(100000, 2000000)"
David Carter,20,2024-03-08,삿포로,비지니스,"range(100000, 2000000)"
姜鹏,70,2024-03-17,오키나와,비지니스,"range(100000, 2000000)"
张宁,10,2024-03-16,오사카,비지니스,"range(100000, 2000000)"
손예준,30,2024-03-19,오사카,비지니스,"range(100000, 2000000)"
Cassidy Roberts,30,2024-03-27,오키나와,관광,"range(100000, 2000000)"
박성진,30,2024-03-06,후쿠오카,비지니스,"range(100000, 2000000)"
韩鑫,50,2024-03-19,후쿠오카,친지 방문,"range(100000, 2000000)"
坂本 舞,20,2024-03-01,후쿠오카,관광,"range(100000, 2000000)"
Joanna Walters,50,2024-03-10,오사카,관광,"range(100000, 2000000)"
李刚,70,2024-03-20,삿포로,관광,"range(100000, 2000000)"
田中 智也,40,2024-03-20,삿포로,비지니스,"range(100000, 2000000)"
鈴木 美加子,50,2024-03-16,오사카,친지 방문,"range(100000, 2000000)"
Brittany Gonzalez,20,2024-03-25,오키나와,비지니스,"range(100000, 2000000)"
Jeremy Baldwin,50,2024-03-07,오사카,친지 방문,"range(100000, 2000000)"
김우진,10,2024-03-26,삿포로,비지니스,"range(100000, 2000000)"
Michael Williams,60,2024-03-26,오키나와,친지 방문,"range(100000, 2000000)"
박미정,60,2024-03-05,후쿠오카,친지 방문,"range(100000, 2000000)"
Mark Anderson,20,2024-03-21,오사카,관광,"range(100000, 2000000)"
全云,10,2024-03-14,오키나와,관광,"range(100000, 2000000)"
권지후,30,2024-03-21,"도쿄,",친지 방문,"range(100000, 2000000)"
胡丽华,60,2024-03-13,오사카,친지 방문,"range(100000, 2000000)"
김상현,40,2024-03-02,오키나와,비지니스,"range(100000, 2000000)"
森 花子,20,2024-03-10,후쿠오카,관광,"range(100000, 2000000)"
David Robbins,20,2024-03-15,오사카,친지 방문,"range(100000, 2000000)"
斉藤 裕美子,10,2024-03-12,오사카,친지 방문,"range(100000, 2000000)"
清水 陽一,60,2024-03-15,오사카,친지 방문,"range(100000, 2000000)"
Dakota Heath,70,2024-03-16,오키나와,관광,"range(100000, 2000000)"
박지훈,30,2024-03-22,삿포로,관광,"range(100000, 2000000)"
村上 幹,30,2024-03-09,삿포로,관광,"range(100000, 2000000)"
Rhonda Christensen,40,2024-03-25,삿포로,친지 방문,"range(100000, 2000000)"
백지민,20,2024-03-06,"도쿄,",친지 방문,"range(100000, 2000000)"
清水 篤司,10,2024-03-26,후쿠오카,비지니스,"range(100000, 2000000)"
彭英,60,2024-03-16,오키나와,관광,"range(100000, 2000000)"
井上 洋介,20,2024-03-25,"도쿄,",관광,"range(100000, 2000000)"
Jessica Montoya,50,2024-03-16,"도쿄,",비지니스,"range(100000, 2000000)"
오시우,10,2024-03-19,오키나와,친지 방문,"range(100000, 2000000)"
田中 あすか,10,2024-03-09,오키나와,친지 방문,"range(100000, 2000000)"
Matthew Kim,10,2024-03-11,오키나와,관광,"range(100000, 2000000)"
Crystal Young,70,2024-03-03,후쿠오카,친지 방문,"range(100000, 2000000)"
藤井 太一,70,2024-03-09,"도쿄,",비지니스,"range(100000, 2000000)"
서정순,10,2024-03-05,삿포로,관광,"range(100000, 2000000)"
Michelle Kelley,30,2024-03-01,삿포로,친지 방문,"range(100000, 2000000)"
孟玉梅,20,2024-03-02,"도쿄,",친지 방문,"range(100000, 2000000)"
박영식,20,2024-03-05,후쿠오카,관광,"range(100000, 2000000)"
Haley Williams,60,2024-03-27,오키나와,비지니스,"range(100000, 2000000)"
岡本 健一,70,2024-03-14,오사카,친지 방문,"range(100000, 2000000)"
김미경,70,2024-03-11,오키나와,친지 방문,"range(100000, 2000000)"
Elizabeth Hill,20,2024-03-07,오사카,친지 방문,"range(100000, 2000000)"
박하은,60,2024-03-19,오사카,비지니스,"range(100000, 2000000)"
John Schaefer,20,2024-03-21,삿포로,관광,"range(100000, 2000000)"
노성훈,30,2024-03-01,후쿠오카,친지 방문,"range(100000, 2000000)"
Olivia Steele,20,2024-03-12,오사카,친지 방문,"range(100000, 2000000)"
中村 翼,10,2024-03-19,오키나와,친지 방문,"range(100000, 2000000)"
罗璐,60,2024-03-16,오사카,친지 방문,"range(100000, 2000000)"
Catherine Rhodes,10,2024-03-06,삿포로,비지니스,"range(100000, 2000000)"
陈秀兰,60,2024-03-12,오키나와,관광,"range(100000, 2000000)"
Donna Franklin,30,2024-03-10,"도쿄,",친지 방문,"range(100000, 2000000)"
纪玉,20,2024-03-05,오사카,친지 방문,"range(100000, 2000000)"
Mackenzie Clarke,30,2024-03-12,오키나와,비지니스,"range(100000, 2000000)"
郑莉,20,2024-03-26,"도쿄,",관광,"range(100000, 2000000)"
杨桂珍,50,2024-03-20,오키나와,비지니스,"range(100000, 2000000)"
姜超,70,2024-03-23,오키나와,비지니스,"range(100000, 2000000)"
兰玉英,20,2024-03-03,"도쿄,",친지 방문,"range(100000, 2000000)"
이선영,60,2024-03-25,삿포로,비지니스,"range(100000, 2000000)"
이종수,20,2024-03-14,후쿠오카,비지니스,"range(100000, 2000000)"
洪婷,30,2024-03-08,오키나와,관광,"range(100000, 2000000)"
박준혁,60,2024-03-07,오사카,비지니스,"range(100000, 2000000)"
李宁,60,2024-03-26,오키나와,관광,"range(100000, 2000000)"
고민준,30,2024-03-17,삿포로,비지니스,"range(100000, 2000000)"
藤田 直人,30,2024-03-16,후쿠오카,비지니스,"range(100000, 2000000)"
장윤서,20,2024-03-23,삿포로,관광,"range(100000, 2000000)"
邹桂珍,40,2024-03-21,"도쿄,",비지니스,"range(100000, 2000000)"
長谷川 康弘,60,2024-03-09,삿포로,비지니스,"range(100000, 2000000)"
오하은,60,2024-03-26,후쿠오카,친지 방문,"range(100000, 2000000)"
Brad Johnson,40,2024-03-02,삿포로,친지 방문,"range(100000, 2000000)"
Jessica Harris,30,2024-03-04,후쿠오카,비지니스,"range(100000, 2000000)"
山口 花子,20,2024-03-09,후쿠오카,친지 방문,"range(100000, 2000000)"
刘霞,30,2024-03-04,오사카,관광,"range(100000, 2000000)"
乔秀兰,40,2024-03-09,오사카,관광,"range(100000, 2000000)"
김현숙,10,2024-03-04,후쿠오카,관광,"range(100000, 2000000)"
황진우,30,2024-03-17,오사카,관광,"range(100000, 2000000)"
김정남,40,2024-03-10,오사카,친지 방문,"range(100000, 2000000)"
허민재,10,2024-03-12,"도쿄,",비지니스,"range(100000, 2000000)"
何雪,40,2024-03-14,후쿠오카,친지 방문,"range(100000, 2000000)"
김도현,30,2024-03-15,"도쿄,",관광,"range(100000, 2000000)"
신시우,20,2024-03-09,오키나와,관광,"range(100000, 2000000)"
Jessica Lewis,20,2024-03-02,오키나와,비지니스,"range(100000, 2000000)"
清水 充,40,2024-03-03,오사카,친지 방문,"range(100000, 2000000)"
斉藤 翔太,20,2024-03-08,후쿠오카,관광,"range(100000, 2000000)"
김지연,70,2024-03-20,"도쿄,",비지니스,"range(100000, 2000000)"
太田 陽一,50,2024-03-17,후쿠오카,비지니스,"range(100000, 2000000)"
孙玉珍,60,2024-03-14,후쿠오카,비지니스,"range(100000, 2000000)"
Kim Murphy,70,2024-03-20,후쿠오카,친지 방문,"range(100000, 2000000)"
中島 里佳,30,2024-03-02,오사카,비지니스,"range(100000, 2000000)"
王杰,50,2024-03-15,"도쿄,",비지니스,"range(100000, 2000000)"
Maureen Hoover,40,2024-03-21,"도쿄,",비지니스,"range(100000, 2000000)"
Anthony Lee,60,2024-03-23,오사카,관광,"range(100000, 2000000)"
Paul Baker,50,2024-03-03,후쿠오카,친지 방문,"range(100000, 2000000)"
Margaret Kim,70,2024-03-02,삿포로,비지니스,"range(100000, 2000000)"
蔡桂花,10,2024-03-13,후쿠오카,관광,"range(100000, 2000000)"
陈小红,30,2024-03-12,오사카,비지니스,"range(100000, 2000000)"
이정남,20,2024-03-21,삿포로,비지니스,"range(100000, 2000000)"
佐藤 篤司,30,2024-03-03,삿포로,친지 방문,"range(100000, 2000000)"
蔡莉,60,2024-03-25,후쿠오카,관광,"range(100000, 2000000)"
朱岩,50,2024-03-10,삿포로,관광,"range(100000, 2000000)"
鈴木 稔,50,2024-03-12,후쿠오카,비지니스,"range(100000, 2000000)"
이민석,10,2024-03-19,삿포로,관광,"range(100000, 2000000)"
罗丹丹,10,2024-03-02,"도쿄,",친지 방문,"range(100000, 2000000)"
Jessica Stein,20,2024-03-23,삿포로,비지니스,"range(100000, 2000000)"
李飞,30,2024-03-20,"도쿄,",관광,"range(100000, 2000000)"
우은주,20,2024-03-01,오사카,친지 방문,"range(100000, 2000000)"
Morgan Johnson,70,2024-03-16,후쿠오카,관광,"range(100000, 2000000)"
申欣,40,2024-03-01,삿포로,관광,"range(100000, 2000000)"
姚秀梅,60,2024-03-16,"도쿄,",비지니스,"range(100000, 2000000)"
佐藤 稔,30,2024-03-02,삿포로,관광,"range(100000, 2000000)"
章亮,20,2024-03-07,"도쿄,",관광,"range(100000, 2000000)"
Michelle Galvan,60,2024-03-23,"도쿄,",관광,"range(100000, 2000000)"
林 晃,60,2024-03-06,오키나와,친지 방문,"range(100000, 2000000)"
Fred Jones,70,2024-03-14,오사카,비지니스,"range(100000, 2000000)"
王军,70,2024-03-14,오키나와,친지 방문,"range(100000, 2000000)"
斎藤 翔太,70,2024-03-21,후쿠오카,관광,"range(100000, 2000000)"
杨淑英,30,2024-03-06,오사카,비지니스,"range(100000, 2000000)"
서지원,50,2024-03-03,삿포로,비지니스,"range(100000, 2000000)"
石欣,30,2024-03-27,오사카,관광,"range(100000, 2000000)"
谢东,60,2024-03-20,오사카,친지 방문,"range(100000, 2000000)"
吉田 和也,40,2024-03-25,후쿠오카,비지니스,"range(100000, 2000000)"
佐藤 舞,30,2024-03-26,"도쿄,",친지 방문,"range(100000, 2000000)"
Jocelyn Burton,50,2024-03-08,"도쿄,",친지 방문,"range(100000, 2000000)"
藤田 健一,10,2024-03-02,후쿠오카,비지니스,"range(100000, 2000000)"
Chris Gray,30,2024-03-12,오키나와,관광,"range(100000, 2000000)"
坂本 花子,30,2024-03-09,"도쿄,",관광,"range(100000, 2000000)"
Jessica Stewart,30,2024-03-03,오키나와,비지니스,"range(100000, 2000000)"
王鹏,20,2024-03-25,오사카,비지니스,"range(100000, 2000000)"
이지우,20,2024-03-10,후쿠오카,관광,"range(100000, 2000000)"
苏琳,70,2024-03-07,삿포로,비지니스,"range(100000, 2000000)"
杨莹,20,2024-03-06,"도쿄,",관광,"range(100000, 2000000)"
贺龙,50,2024-03-22,삿포로,관광,"range(100000, 2000000)"
佐々木 陽子,40,2024-03-13,삿포로,비지니스,"range(100000, 2000000)"
문하윤,10,2024-03-06,"도쿄,",비지니스,"range(100000, 2000000)"
이지은,60,2024-03-20,후쿠오카,친지 방문,"range(100000, 2000000)"
Sheila Kelly,70,2024-03-23,오사카,비지니스,"range(100000, 2000000)"
侯晶,30,2024-03-16,"도쿄,",관광,"range(100000, 2000000)"
이준서,10,2024-03-13,삿포로,관광,"range(100000, 2000000)"
包莉,20,2024-03-13,오키나와,친지 방문,"range(100000, 2000000)"
양선영,20,2024-03-08,오키나와,친지 방문,"range(100000, 2000000)"
Stacy Castillo,60,2024-03-04,후쿠오카,관광,"range(100000, 2000000)"
伊藤 里佳,20,2024-03-17,오사카,관광,"range(100000, 2000000)"
林 修平,70,2024-03-14,오사카,관광,"range(100000, 2000000)"
Kristen Chambers,50,2024-03-23,"도쿄,",친지 방문,"range(100000, 2000000)"
Sandy Miller,60,2024-03-08,삿포로,비지니스,"range(100000, 2000000)"
Charles Mcdonald,70,2024-03-24,후쿠오카,친지 방문,"range(100000, 2000000)"
박지연,70,2024-03-25,오사카,비지니스,"range(100000, 2000000)"
Jennifer Jones,20,2024-03-24,"도쿄,",비지니스,"range(100000, 2000000)"
许斌,20,2024-03-19,오사카,비지니스,"range(100000, 2000000)"
吉田 花子,20,2024-03-03,오사카,친지 방문,"range(100000, 2000000)"
沈燕,70,2024-03-16,삿포로,관광,"range(100000, 2000000)"
한지은,20,2024-03-27,삿포로,친지 방문,"range(100000, 2000000)"
Christopher Anderson,30,2024-03-24,후쿠오카,비지니스,"range(100000, 2000000)"
Dawn Ritter,50,2024-03-08,삿포로,관광,"range(100000, 2000000)"
이미정,50,2024-03-17,오사카,친지 방문,"range(100000, 2000000)"
우우진,30,2024-03-25,후쿠오카,관광,"range(100000, 2000000)"
中村 加奈,30,2024-03-04,오사카,비지니스,"range(100000, 2000000)"
小林 直人,70,2024-03-14,후쿠오카,관광,"range(100000, 2000000)"
Amy Stevens,70,2024-03-04,후쿠오카,관광,"range(100000, 2000000)"
김상호,10,2024-03-21,오사카,친지 방문,"range(100000, 2000000)"
Justin Haynes,60,2024-03-26,오사카,관광,"range(100000, 2000000)"
陈颖,70,2024-03-03,후쿠오카,친지 방문,"range(100000, 2000000)"
曹亮,40,2024-03-16,후쿠오카,친지 방문,"range(100000, 2000000)"
전성호,50,2024-03-17,오사카,관광,"range(100000, 2000000)"
김승현,20,2024-03-12,오키나와,비지니스,"range(100000, 2000000)"
Robert Sullivan,60,2024-03-17,삿포로,비지니스,"range(100000, 2000000)"
Kimberly Watson,60,2024-03-13,"도쿄,",비지니스,"range(100000, 2000000)"
敖辉,40,2024-03-23,"도쿄,",비지니스,"range(100000, 2000000)"
이성민,70,2024-03-14,삿포로,관광,"range(100000, 2000000)"
김미숙,10,2024-03-04,"도쿄,",친지 방문,"range(100000, 2000000)"
홍민서,70,2024-03-19,오키나와,친지 방문,"range(100000, 2000000)"
김영일,60,2024-03-24,오키나와,관광,"range(100000, 2000000)"
Jennifer Hammond,40,2024-03-12,오사카,관광,"range(100000, 2000000)"
Daniel Gonzalez,50,2024-03-13,오키나와,친지 방문,"range(100000, 2000000)"
周勇,10,2024-03-25,오키나와,비지니스,"range(100000, 2000000)"
杨淑兰,50,2024-03-02,오사카,관광,"range(100000, 2000000)"
吴娟,30,2024-03-22,오키나와,관광,"range(100000, 2000000)"
唐海燕,50,2024-03-16,"도쿄,",비지니스,"range(100000, 2000000)"
山本 裕樹,50,2024-03-16,오키나와,비지니스,"range(100000, 2000000)"
Jacqueline Smith,30,2024-03-10,오키나와,친지 방문,"range(100000, 2000000)"
石东,10,2024-03-18,"도쿄,",비지니스,"range(100000, 2000000)"
藤井 稔,40,2024-03-01,"도쿄,",관광,"range(100000, 2000000)"
山田 稔,40,2024-03-16,오사카,친지 방문,"range(100000, 2000000)"
Ryan Davis,30,2024-03-26,오사카,비지니스,"range(100000, 2000000)"
주은영,50,2024-03-06,"도쿄,",친지 방문,"range(100000, 2000000)"
佐々木 千代,20,2024-03-14,"도쿄,",관광,"range(100000, 2000000)"
李玲,50,2024-03-25,"도쿄,",비지니스,"range(100000, 2000000)"
刘冬梅,60,2024-03-03,오사카,비지니스,"range(100000, 2000000)"
李龙,20,2024-03-25,오키나와,친지 방문,"range(100000, 2000000)"
段丽丽,70,2024-03-09,"도쿄,",비지니스,"range(100000, 2000000)"
加藤 翔太,10,2024-03-19,삿포로,비지니스,"range(100000, 2000000)"
藤井 舞,20,2024-03-05,오키나와,관광,"range(100000, 2000000)"
김혜진,50,2024-03-03,삿포로,친지 방문,"range(100000, 2000000)"
前田 花子,30,2024-03-15,후쿠오카,관광,"range(100000, 2000000)"
池田 花子,60,2024-03-18,후쿠오카,관광,"range(100000, 2000000)"
Jason Armstrong,50,2024-03-05,"도쿄,",비지니스,"range(100000, 2000000)"
曾华,70,2024-03-13,오사카,친지 방문,"range(100000, 2000000)"
胡冬梅,60,2024-03-05,삿포로,친지 방문,"range(100000, 2000000)"
안진호,20,2024-03-08,후쿠오카,친지 방문,"range(100000, 2000000)"
三浦 里佳,70,2024-03-21,오키나와,관광,"range(100000, 2000000)"
David Hopkins,30,2024-03-07,후쿠오카,관광,"range(100000, 2000000)"
Jennifer Snyder,70,2024-03-05,오키나와,친지 방문,"range(100000, 2000000)"
张春梅,50,2024-03-04,오사카,관광,"range(100000, 2000000)"
Jeremy Lawrence,30,2024-03-14,후쿠오카,비지니스,"range(100000, 2000000)"
김성훈,10,2024-03-14,삿포로,비지니스,"range(100000, 2000000)"
Michael Perez,40,2024-03-20,삿포로,비지니스,"range(100000, 2000000)"
박민수,30,2024-03-23,오키나와,관광,"range(100000, 2000000)"
遠藤 太郎,50,2024-03-11,오키나와,친지 방문,"range(100000, 2000000)"
田中 知実,50,2024-03-04,오키나와,친지 방문,"range(100000, 2000000)"
陆桂珍,40,2024-03-08,후쿠오카,비지니스,"range(100000, 2000000)"
문은경,10,2024-03-25,삿포로,관광,"range(100000, 2000000)"
Melissa Dunlap,40,2024-03-12,삿포로,친지 방문,"range(100000, 2000000)"
姚春梅,40,2024-03-03,오사카,관광,"range(100000, 2000000)"
小林 さゆり,10,2024-03-12,"도쿄,",비지니스,"range(100000, 2000000)"
Tamara Osborn,50,2024-03-05,오키나와,비지니스,"range(100000, 2000000)"
Anne Aguirre,20,2024-03-24,후쿠오카,친지 방문,"range(100000, 2000000)"
Troy Porter,70,2024-03-07,오키나와,관광,"range(100000, 2000000)"
최민재,70,2024-03-14,오사카,비지니스,"range(100000, 2000000)"
Victor Haynes,40,2024-03-27,오사카,비지니스,"range(100000, 2000000)"
Vernon Sparks,50,2024-03-26,"도쿄,",친지 방문,"range(100000, 2000000)"
范勇,70,2024-03-02,후쿠오카,관광,"range(100000, 2000000)"
汪建国,50,2024-03-27,"도쿄,",친지 방문,"range(100000, 2000000)"
杨利,60,2024-03-27,오사카,관광,"range(100000, 2000000)"
Joseph Hernandez,20,2024-03-18,삿포로,비지니스,"range(100000, 2000000)"
苏云,10,2024-03-26,삿포로,관광,"range(100000, 2000000)"
木村 太郎,20,2024-03-04,오키나와,친지 방문,"range(100000, 2000000)"
최현준,20,2024-03-21,오키나와,비지니스,"range(100000, 2000000)"
罗雷,30,2024-03-19,후쿠오카,친지 방문,"range(100000, 2000000)"
池田 あすか,30,2024-03-13,오사카,비지니스,"range(100000, 2000000)"
박정수,50,2024-03-20,후쿠오카,비지니스,"range(100000, 2000000)"
Stephanie Ramos,20,2024-03-08,오키나와,친지 방문,"range(100000, 2000000)"
赖瑜,50,2024-03-21,"도쿄,",비지니스,"range(100000, 2000000)"
林 幹,10,2024-03-24,오키나와,친지 방문,"range(100000, 2000000)"
장민서,60,2024-03-17,오사카,비지니스,"range(100000, 2000000)"
王洁,70,2024-03-02,오키나와,관광,"range(100000, 2000000)"
Robert Burgess,60,2024-03-25,"도쿄,",친지 방문,"range(100000, 2000000)"
渡辺 裕樹,70,2024-03-05,오사카,관광,"range(100000, 2000000)"
오민재,40,2024-03-10,오사카,비지니스,"range(100000, 2000000)"
池田 知実,30,2024-03-07,오키나와,관광,"range(100000, 2000000)"
刘桂芳,30,2024-03-18,"도쿄,",친지 방문,"range(100000, 2000000)"
Kathy Smith,70,2024-03-16,"도쿄,",친지 방문,"range(100000, 2000000)"
杨燕,30,2024-03-06,삿포로,관광,"range(100000, 2000000)"
沈秀华,10,2024-03-27,오사카,비지니스,"range(100000, 2000000)"
鈴木 結衣,70,2024-03-21,오사카,친지 방문,"range(100000, 2000000)"
김정웅,50,2024-03-05,오키나와,친지 방문,"range(100000, 2000000)"
高橋 加奈,40,2024-03-19,삿포로,관광,"range(100000, 2000000)"
Nicole Hardin,40,2024-03-14,후쿠오카,비지니스,"range(100000, 2000000)"
Julie Wolf,30,2024-03-27,후쿠오카,비지니스,"range(100000, 2000000)"
김상훈,50,2024-03-22,후쿠오카,비지니스,"range(100000, 2000000)"
James Cannon,40,2024-03-20,오사카,친지 방문,"range(100000, 2000000)"
Robin Velasquez,20,2024-03-14,"도쿄,",관광,"range(100000, 2000000)"
宋成,50,2024-03-02,오사카,관광,"range(100000, 2000000)"
김주원,50,2024-03-15,후쿠오카,관광,"range(100000, 2000000)"
권지우,20,2024-03-16,오키나와,비지니스,"range(100000, 2000000)"
Kenneth Davis,40,2024-03-06,후쿠오카,비지니스,"range(100000, 2000000)"
김아름,10,2024-03-12,후쿠오카,관광,"range(100000, 2000000)"
华雪,20,2024-03-23,오사카,친지 방문,"range(100000, 2000000)"
Robert Torres,10,2024-03-16,오사카,비지니스,"range(100000, 2000000)"
김경자,60,2024-03-14,삿포로,비지니스,"range(100000, 2000000)"
April Keith,20,2024-03-17,오사카,친지 방문,"range(100000, 2000000)"
김현지,40,2024-03-07,삿포로,비지니스,"range(100000, 2000000)"
서옥자,30,2024-03-02,삿포로,친지 방문,"range(100000, 2000000)"
周佳,50,2024-03-10,오사카,비지니스,"range(100000, 2000000)"
Megan Martinez,30,2024-03-04,오키나와,친지 방문,"range(100000, 2000000)"
鈴木 知実,20,2024-03-09,오사카,친지 방문,"range(100000, 2000000)"
김상철,50,2024-03-02,오사카,비지니스,"range(100000, 2000000)"
伊藤 七夏,40,2024-03-19,후쿠오카,친지 방문,"range(100000, 2000000)"
伊藤 香織,40,2024-03-27,삿포로,관광,"range(100000, 2000000)"
杨秀英,30,2024-03-01,후쿠오카,친지 방문,"range(100000, 2000000)"
渡辺 洋介,70,2024-03-21,오사카,비지니스,"range(100000, 2000000)"
김시우,70,2024-03-04,오사카,관광,"range(100000, 2000000)"
Michelle Green,70,2024-03-12,"도쿄,",비지니스,"range(100000, 2000000)"
백민수,60,2024-03-06,후쿠오카,관광,"range(100000, 2000000)"
송지은,10,2024-03-01,오사카,비지니스,"range(100000, 2000000)"
沈秀英,50,2024-03-27,후쿠오카,친지 방문,"range(100000, 2000000)"
杨雪,30,2024-03-10,"도쿄,",비지니스,"range(100000, 2000000)"
이경희,70,2024-03-01,오키나와,비지니스,"range(100000, 2000000)"
Amanda Lloyd,20,2024-03-01,"도쿄,",비지니스,"range(100000, 2000000)"
加藤 加奈,40,2024-03-10,후쿠오카,친지 방문,"range(100000, 2000000)"
三浦 幹,60,2024-03-11,오사카,비지니스,"range(100000, 2000000)"
양상철,40,2024-03-06,삿포로,비지니스,"range(100000, 2000000)"
이정자,60,2024-03-06,오사카,관광,"range(100000, 2000000)"
이현지,20,2024-03-08,후쿠오카,비지니스,"range(100000, 2000000)"
진성민,20,2024-03-01,삿포로,관광,"range(100000, 2000000)"
김영환,20,2024-03-23,오사카,관광,"range(100000, 2000000)"
山田 翔太,10,2024-03-07,"도쿄,",관광,"range(100000, 2000000)"
王玉梅,50,2024-03-08,삿포로,비지니스,"range(100000, 2000000)"
